{"count":1,"gauges":{"RigidbodyCarBrain.CumulativeReward":{"count":283,"max":72.14629,"min":-1.9350059,"value":-1.208999,"weightedAverage":-1.74661434}},"self":33.8255328,"total":39.7501724,"children":{"AgentSendState":{"count":1938,"self":5.7317507999999995,"total":5.8126878999999994,"children":{"CollectObservations":{"count":7954,"self":0.0629504,"total":0.0629504,"children":null},"CollectDiscreteActionMasks":{"count":7954,"self":0.017986699999999998,"total":0.017986699999999998,"children":null}}},"DecideAction":{"count":1938,"self":0.010995999999999999,"total":0.010995999999999999,"children":null},"AgentAct":{"count":1938,"self":0.0999547,"total":0.0999547,"children":null}}}