{"count":1,"gauges":{"RigidbodyCarBrain.CumulativeReward":{"count":1,"max":-26.99989,"min":-26.99989,"value":-26.99989,"weightedAverage":-26.99989}},"self":12.137338399999999,"total":12.345219199999999,"children":{"AgentSendState":{"count":572,"self":0.0089955,"total":0.0219847,"children":{"CollectObservations":{"count":174,"self":0.011989999999999999,"total":0.011989999999999999,"children":null},"CollectDiscreteActionMasks":{"count":174,"self":0.0009992,"total":0.0009992,"children":null}}},"DecideAction":{"count":572,"self":0.1738996,"total":0.1738996,"children":null},"AgentAct":{"count":572,"self":0.0099972999999999989,"total":0.0099972999999999989,"children":null}}}