{"count":1,"gauges":{},"self":0.82349149999999993,"total":0.8304857,"children":{"AgentSendState":{"count":66,"self":0.0009993,"total":0.0009993,"children":null},"DecideAction":{"count":66,"self":0.0029968,"total":0.0029968,"children":null},"AgentAct":{"count":66,"self":0.0010002,"total":0.0010002,"children":null}}}