{"count":1,"gauges":{"RigidbodyCarBrain.CumulativeReward":{"count":236,"max":89.71954,"min":-25.9999,"value":40.7058029,"weightedAverage":-9.023179}},"self":23.1805088,"total":32.8043064,"children":{"AgentSendState":{"count":1546,"self":8.069568799999999,"total":9.0926417999999991,"children":{"CollectObservations":{"count":6355,"self":1.007981,"total":1.007981,"children":null},"CollectDiscreteActionMasks":{"count":6355,"self":0.0150919,"total":0.0150919,"children":null}}},"DecideAction":{"count":1546,"self":0.3836661,"total":0.3836661,"children":null},"AgentAct":{"count":1546,"self":0.1464905,"total":0.1464905,"children":null}}}