{"count":1,"gauges":{"RigidbodyCarBrain.CumulativeReward":{"count":1800,"max":-3.196676,"min":-101.1256,"value":-36.4349556,"weightedAverage":-60.332058}},"self":215.2054272,"total":392.29065679999997,"children":{"AgentSendState":{"count":224901,"self":2.7139336,"total":9.0396172,"children":{"CollectObservations":{"count":67473,"self":4.7433572,"total":4.7433572,"children":null},"CollectDiscreteActionMasks":{"count":67473,"self":0.1410312,"total":0.1410312,"children":null},"AgentInfo.ToProto":{"count":67473,"self":0.4987698,"total":1.4412950999999998,"children":{"GenerateSensorData":{"count":67473,"self":0.9425253,"total":0.9425253,"children":null}}}}},"DecideAction":{"count":224901,"self":165.1865216,"total":165.1865168,"children":null},"AgentAct":{"count":224901,"self":2.8061388,"total":2.8511089999999997,"children":{"AgentInfo.ToProto":{"count":1571,"self":0.0179858,"total":0.0449703,"children":{"GenerateSensorData":{"count":1571,"self":0.026984499999999998,"total":0.026984499999999998,"children":null}}}}},"AgentInfo.ToProto":{"count":229,"self":0.0019990999999999997,"total":0.0069964,"children":{"GenerateSensorData":{"count":229,"self":0.0049973,"total":0.0049973,"children":null}}}}}